profession,licenseNumber,displayName,credential,phone,email,npi,practiceAddress,practiceCity,practiceState,practiceZip,boardCity,boardCounty,boardZip,matchConfidence,matchMethod,expirationDate,licenseType
OT,26389,ALEC WILLIAM BENAVIDES,OTR/L,661-303-8633,,1326909581,3505 BOSWELLIA DR,BAKERSFIELD,CA,93311,BAKERSFIELD,KERN,93311,high,license_number,07-31-2028,Occupational Therapist
OT,17207,AMALIA VILLASENOR,OT,661-377-1700,,1679014591,7737 MEANY AVE,BAKERSFIELD,CA,93308,BAKERSFIELD,KERN,93309,high,license_number,12-31-2027,Occupational Therapist
OT,11349,ANDREW WHALLEY,MOT,760-677-8436,,1023366838,901 N.HERITAGE DR.,RIDGECREST,CA,93555,RIDGECREST,KERN,93555,high,license_number,10-31-2027,Occupational Therapist
OT,10521,ANGELA DIANE TRINKLE,M.O.T.,760-371-1411,,1487895744,330 E RIDGECREST BLVD,RIDGECREST,CA,93555,RIDGECREST,KERN,93555,high,license_number,06-30-2028,Occupational Therapist
OT,8888,ANNIE SOL BALLESTEROS KYAMKO,,661-829-1150,,1790142776,5101 PELICAN HILL DR,BAKERSFIELD,CA,93312,BAKERSFIELD,KERN,93312,high,license_number,02-28-2027,Occupational Therapist
OT,16876,ARLENE GONZALEZ,OT,661-377-1700,,1598201469,7737 MEANY AVE,BAKERSFIELD,CA,93308,BAKERSFIELD,KERN,93314,high,license_number,05-31-2027,Occupational Therapist
OT,18531,ASHWINI SALPEKAR,OT,661-377-1700,,1538839006,1800 WESTWIND DR STE 500,BAKERSFIELD,CA,93301,BAKERSFIELD,KERN,93311,high,license_number,09-30-2028,Occupational Therapist
OT,2956,BARBARA RUTH TOWNSEND,OT,661-328-0650,,1124580261,5337 TRUXTUN AVE,BAKERSFIELD,CA,93309,BAKERSFIELD,KERN,93311,high,license_number,01-31-2027,Occupational Therapist
OT,19040,CHRISTINA RIVERA,OTR/L,650-493-5000,,1730681552,3801 MIRANDA AVE # 640120,PALO ALTO,CA,94304,BAKERSFIELD,KERN,93311,high,license_number,06-30-2028,Occupational Therapist
OT,13462,CHRISTINE TILCH,OT,618-751-5571,,1851838981,6900 VALLEYVIEW DR APT 201,BAKERSFIELD,CA,93306,BAKERSFIELD,KERN,93309,high,license_number,12-31-2027,Occupational Therapist
OT,3955,CRESELDA MELENDEZ SANTIAGO,,661-642-6339,,1508746454,1205 GARCES HWY,DELANO,CA,93215,BAKERSFIELD,KERN,93314,medium,name_exact,12-31-2027,Occupational Therapist
OT,22186,CZARINA MARIEL REGLOS BIAGTAN,,661-377-1700,,1659946747,7737 MEANY AVE STE B5,BAKERSFIELD,CA,93308,BAKERSFIELD,KERN,93312,high,license_number,10-31-2026,Occupational Therapist
OT,18090,DANIEL HERRERA SALAIS,OTR/L,805-604-1924,,1386156420,2001 SOLAR DR STE 150,OXNARD,CA,93036,BAKERSFIELD,KERN,93305,high,license_number,11-30-2026,Occupational Therapist
OT,11659,DANIELLE MARIE MOON,OT,661-377-1700,,1043517659,4101 EASTON DR,BAKERSFIELD,CA,93309,BAKERSFIELD,KERN,93301,high,license_number,08-31-2027,Occupational Therapist
OT,5179,DIANNE GROSS-GIESE,"OTRL,CHT",805-434-4885,,1568594117,1051 LAS TABLAS RD,TEMPLETON,CA,93465,KERNVILLE,KERN,93238,high,license_number,01-31-2028,Occupational Therapist
OT,27501,ELIZABETH HIGHT,OT,661-377-1700,,1073310595,7737 MEANY AVE STE B5,BAKERSFIELD,CA,93308,BAKERSFIELD,KERN,93313,high,license_number,01-31-2028,Occupational Therapist
OT,28969,EMILY KATHERINE CLARK,,661-831-1906,,1275466906,3100 ACTIS STREET,BAKERSFIELD,CA,93309,BAKERSFIELD,KERN,93312,medium,name_exact,02-28-2027,Occupational Therapist
OT,24650,EMMA JEAN SPENCER,OTR/L,323-426-6402,,1912779315,1601 NEW STINE RD,BAKERSFIELD,CA,93309,BAKERSFIELD,KERN,93306,high,license_number,04-30-2027,Occupational Therapist
OT,23882,ERNESTO RENTERIA,MOT,661-832-9737,,1215661434,3700 GOSFORD RD STE G,BAKERSFIELD,CA,93309,BAKERSFIELD,KERN,93311,medium,name_exact,08-31-2027,Occupational Therapist
OT,4313,HEATHER MARIE ARGUETA,OTR/L,925-580-7110,,1144461344,5469 ARLENE WAY,LIVERMORE,CA,94550,BAKERSFIELD,KERN,93314,high,license_number,09-30-2027,Occupational Therapist
OT,23946,HOWARD OBANDO,OTD,661-377-1700,,1821720152,7737 MEANY AVE STE B5,BAKERSFIELD,CA,93308,BAKERSFIELD,KERN,93312,medium,name_initial_zip,04-30-2028,Occupational Therapist
OT,21658,HUNG-YI LIN,OTR,661-843-7787,,1093482853,3955 COFFEE RD STE 101&141,BAKERSFIELD,CA,93308,BAKERSFIELD,KERN,93311,high,license_number,08-31-2028,Occupational Therapist
OT,2465,JANET SUE NEWBROUGH,OTR,661-328-5565,,1457554222,5201 TRUXTUN AVE,BAKERSFIELD,CA,93309,BAKERSFIELD,KERN,93311,high,license_number,09-30-2026,Occupational Therapist
OT,21132,JANNET CHEN,,661-377-1700,,1497430573,7737 MEANY AVE STE B5,BAKERSFIELD,CA,93308,BAKERSFIELD,KERN,93311,high,license_number,11-30-2027,Occupational Therapist
OT,17364,JASMINE DEVEN YADAV,,661-871-3133,,1417444290,6212 TUDOR WAY,BAKERSFIELD,CA,93306,BAKERSFIELD,KERN,93311,high,license_number,06-30-2027,Occupational Therapist
OT,10961,JENEE BUSBY SAKAMOTO,OT,661-377-1700,,1013245349,7737 MEANY AVE # B5-7,BAKERSFIELD,CA,93308,BAKERSFIELD,KERN,93306,high,license_number,03-31-2028,Occupational Therapist
OT,4626,JESSICA L HAWLEY,OTR/L,661-242-2364,,1811231236,1701 LINDEN COURT,PINE MOUNTAIN CLUB,CA,93222,FRAZIER PARK,KERN,93222,high,license_number,07-31-2027,Occupational Therapist
OT,6878,JESSICA LEDUFF,,714-282-7701,,1356185359,3111 N TUSTIN ST STE 180,ORANGE,CA,92865,BAKERSFIELD,KERN,93312,high,license_number,12-31-2027,Occupational Therapist
OT,14780,JONATHAN JOTHI PAUL,,661-494-8600,,1891335451,350 CALLOWAY DR,BAKERSFIELD,CA,93312,BAKERSFIELD,KERN,93314,high,license_number,12-31-2026,Occupational Therapist
OT,13072,JYZELLE FAHSBENDER,,661-328-2388,,1548505951,2400 BAHAMAS DR STE 110,BAKERSFIELD,CA,93309,BAKERSFIELD,KERN,93312,high,license_number,08-31-2027,Occupational Therapist
OT,6332,KATHERINE NAPIZA JAVIER,OTR/L,661-871-3133,,1558528331,6212 TUDOR WAY,BAKERSFIELD,CA,93306,BAKERSFIELD,KERN,93312,high,license_number,09-30-2027,Occupational Therapist
OT,1172,KATHERINE VOSS,OTR/L,661-871-3133,,1760714232,6212 TUDOR WAY,BAKERSFIELD,CA,93306,BAKERSFIELD,KERN,93312,high,license_number,09-30-2027,Occupational Therapist
OT,18005,KELLI ANN GONZALEZ,OTR/L,661-832-9737,,1528583531,3700 GOSFORD RD STE G,BAKERSFIELD,CA,93309,BAKERSFIELD,KERN,93307,high,license_number,02-29-2028,Occupational Therapist
OT,25253,KIERSTIN MAZZIE,OTR/L,760-371-1411,,1427730381,935 E RIDGECREST BLVD,RIDGECREST,CA,93555,RIDGECREST,KERN,93555,high,license_number,07-31-2028,Occupational Therapist
OT,13539,KRISTA LYNN RICH,OTR/L,310-328-0276,,1649603077,1815 W 213TH ST,TORRANCE,CA,90501,BAKERSFIELD,KERN,93311,high,license_number,09-30-2026,Occupational Therapist
OT,14346,LATOYA N HENRY,MS OTR/L,347-481-2969,,1811241920,6716 CLYBOURN AVE,NORTH HOLLYWOOD,CA,91606,BAKERSFIELD,KERN,93309,high,license_number,12-31-2026,Occupational Therapist
OT,17873,LAURA COLLIGNON,O.T.,661-377-1700,,1760141014,7737 MEANY AVE STE B5,BAKERSFIELD,CA,93308,BAKERSFIELD,KERN,93311,high,license_number,06-30-2027,Occupational Therapist
OT,3382,LAURA STEVENSON,OT,661-322-2206,,1629065214,6501 TRUXTUN AVE,BAKERSFIELD,CA,93309,BAKERSFIELD,KERN,93306,high,license_number,10-31-2027,Occupational Therapist
OT,10466,LENNIE GERONIMO LAPUTAN,OTR,858-514-0375,,1649565631,3760 CONVOY ST SUITE #204,SAN DIEGO,CA,92111,BAKERSFIELD,KERN,93314,high,license_number,05-31-2027,Occupational Therapist
OT,437,LINDA KAY MATHER,"OT, CHT",661-324-5520,,1619906138,5337 TRUXTUN AVE,BAKERSFIELD,CA,93309,BAKERSFIELD,KERN,93303,high,license_number,11-30-2027,Occupational Therapist
OT,6879,LUCILA LEAL-PEREIDA,OT,661-599-1538,,1568665586,2400 BAHAMAS DR STE 110,BAKERSFIELD,CA,93309,BAKERSFIELD,KERN,93309,high,license_number,03-31-2027,Occupational Therapist
OT,3285,MARCIE M MEHALKO,OTR/L,661-304-9950,,1396032926,3209 CHUCKWAGON ST,BAKERSFIELD,CA,93312,BAKERSFIELD,KERN,93312,high,license_number,01-31-2028,Occupational Therapist
OT,3601,MARI ANGELA RUB-FERRELL,OTR/L,661-868-7270,,1477634657,601 4TH ST,BAKERSFIELD,CA,93304,BAKERSFIELD,KERN,93306,medium,name_exact,12-31-2027,Occupational Therapist
OT,24731,MARIA SANTANA,Occupational Therapi,661-377-1700,,1821798190,7737 MEANY AVE STE B5,BAKERSFIELD,CA,93308,SHAFTER,KERN,93263,high,license_number,10-31-2026,Occupational Therapist
OT,8029,MARY KAY ATCHISON,OTR L,661-326-1433,,1578681151,1831 TRUXTUN AVE,BAKERSFIELD,CA,93301,BAKERSFIELD,KERN,93312,high,license_number,05-31-2027,Occupational Therapist
OT,10577,MARY ROSE VILLADOLID SOMBERO,,661-746-3912,,1619482700,140 E TULARE AVE,SHAFTER,CA,93263,BAKERSFIELD,KERN,93314,high,license_number,11-30-2026,Occupational Therapist
OT,10201,MICHELLE FELICIANO DALUZ,,661-323-2894,,1023529344,3601 SAN DIMAS ST,BAKERSFIELD,CA,93301,BAKERSFIELD,KERN,93311,high,license_number,09-30-2027,Occupational Therapist
OT,3753,MICHELLE IRENE CLARK,OTR/L,661-831-1906,,1972736734,3100 ACTIS STREET,BAKERSFIELD,CA,93309,BAKERSFIELD,KERN,93312,high,license_number,04-30-2028,Occupational Therapist
OT,24077,PAMELA BETH MOORE,OT,661-377-1700,,1770652679,7737 MEANY AVE STE B5,BAKERSFIELD,CA,93308,TEHACHAPI,KERN,93561,high,license_number,12-31-2026,Occupational Therapist
OT,1165,PAUL S COOPER,OTR/L,760-446-4520,,1255720678,1101 JUDY WAY,RIDGECREST,CA,93555,BAKERSFIELD,KERN,93311,high,license_number,03-31-2028,Occupational Therapist
OT,26555,RANDI J. MAJOR,"OTD, OTR/L",951-899-0204,,1881439784,25467 MEDICAL CENTER DR,MURRIETA,CA,92562,BAKERSFIELD,KERN,93313,high,license_number,07-31-2028,Occupational Therapist
OT,2624,RODNEY ALEXANDER HARRIS,,310-945-3350,,1427624790,265 S ANITA DR STE 201,ORANGE,CA,92868,BAKERSFIELD,KERN,93312,high,license_number,07-31-2027,Occupational Therapist
OT,1010,ROSEMARIE HOLLIDAY,O.T.,661-377-1700,,1881827244,420 34TH ST,BAKERSFIELD,CA,93301,BAKERSFIELD,KERN,93311,high,license_number,07-31-2027,Occupational Therapist
OT,17803,SEUNG JUN STEVE PARK,OTR/L,213-700-9100,,1063104545,6040 BARTON AVE APT 102,LOS ANGELES,CA,90038,BAKERSFIELD,KERN,93311,high,license_number,08-31-2027,Occupational Therapist
OT,5452,STEPHANIE ELVIRA PASCAL,OTR,661-319-9713,,1972929842,3501 MALL VIEW RD,BAKERSFIELD,CA,93306,BAKERSFIELD,KERN,93306,medium,name_exact,10-31-2026,Occupational Therapist
OT,17567,SUSAN ALBINGER,OTR/L,626-890-1086,,1194246454,1875 SHARON PL,SAN MARINO,CA,91108,CALIENTE,KERN,93518,medium,name_exact,07-31-2028,Occupational Therapist
OT,11522,SUSAN ANNE FREED,"MOT, OTR/L, CHT",951-468-4227,,1457348633,25370 FERNLEAF DR,IDYLLWILD,CA,92549,RIDGECREST,KERN,93555,high,license_number,10-31-2027,Occupational Therapist
OT,10068,SUZANNE CARIASO,,661-586-3660,,1174261978,13819 BARBON BECK AVE,BAKERSFIELD,CA,93311,BAKERSFIELD,KERN,93311,high,license_number,09-30-2027,Occupational Therapist
OT,24413,TAI ANN B VILLARUZ,OTR/L,661-325-9900,,1821799479,5151 KNUDSEN DR,BAKERSFIELD,CA,93308,DELANO,KERN,93215,high,license_number,07-31-2027,Occupational Therapist
OT,10470,WALLEN JOY CLARETE LEGRAMA,OT,661-231-8985,,1750511309,350 CALLOWAY DR,BAKERSFIELD,CA,93312,BAKERSFIELD,KERN,93311,high,license_number,09-30-2027,Occupational Therapist
OT,21719,YEN WEN PAN,,747-238-3771,,1043811854,43051 15TH ST W,LANCASTER,CA,93534,BAKERSFIELD,KERN,93311,high,license_number,03-31-2027,Occupational Therapist
OTA,1726,AGNIESZKA IZABELA PLATE,COTA,661-377-1700,,1346576485,4101 EASTON DR,BAKERSFIELD,CA,93309,BAKERSFIELD,KERN,93312,high,license_number,02-28-2027,Occupational Therapy Assistant
OTA,2365,BENJAMIN H ALCANTAR,COTA,831-920-7833,,1538805551,350 CALLOWAY DR,BAKERSFIELD,CA,93312,BAKERSFIELD,KERN,93312,high,license_number,09-30-2027,Occupational Therapy Assistant
OTA,5135,CAROLYN SHUKERALLA,,661-327-7687,,1598404105,730 34TH ST,BAKERSFIELD,CA,93301,BAKERSFIELD,KERN,93311,high,license_number,04-30-2027,Occupational Therapy Assistant
OTA,3863,GERHOMAR CAMPANTERO NERI,COTA/L,818-436-9928,,1720592587,6212 TUDOR WAY,BAKERSFIELD,CA,93306,BAKERSFIELD,KERN,93311,high,license_number,09-30-2026,Occupational Therapy Assistant
OTA,3541,JASON DAS,,951-310-5685,,1689187643,2211 MOUNT VERNON AVE,BAKERSFIELD,CA,93306,BAKERSFIELD,KERN,93312,high,license_number,09-30-2027,Occupational Therapy Assistant
OTA,5695,JOSIE PINEDO,,661-316-5446,,1215842455,11001 FANGIO CT,BAKERSFIELD,CA,93306,BAKERSFIELD,KERN,93306,medium,name_exact,10-31-2027,Occupational Therapy Assistant
OTA,225,KARAN BROWN,COTA,661-854-4475,,1710276118,323 CAMPUS DR,ARVIN,CA,93203,BAKERSFIELD,KERN,93306,high,license_number,06-30-2028,Occupational Therapy Assistant
OTA,3960,MICHAEL MAYO,,714-858-0811,,1619539293,8616 E WINDSONG DR,ANAHEIM,CA,92808,DELANO,KERN,93215,high,license_number,04-30-2028,Occupational Therapy Assistant
OTA,7219,SANDY LOPEZ,COTA/L,323-426-6402,,1588548606,208 OAK ST,BAKERSFIELD,CA,93304,BAKERSFIELD,KERN,93314,high,license_number,03-31-2028,Occupational Therapy Assistant
OTA,2393,STEVIE GALE,,661-949-5524,,1578259735,44567 15TH ST W,LANCASTER,CA,93534,ROSAMOND,KERN,93560,high,license_number,09-30-2027,Occupational Therapy Assistant
OTA,6123,THU T T MORENO,,213-819-3291,,1588428007,339 S ARDMORE AVE APT 320,LOS ANGELES,CA,90020,BAKERSFIELD,KERN,93311,high,license_number,05-31-2027,Occupational Therapy Assistant
OTA,1375,VICTOR MICHAEL PERKINS,COTA,619-440-5005,,1174036230,654 S ANZA ST,EL CAJON,CA,92020,SHAFTER,KERN,93263,high,license_number,10-31-2027,Occupational Therapy Assistant
PT,302838,AARON TADLE,DPT,661-230-8251,,1689312993,2601 OSWELL ST STE 105,BAKERSFIELD,CA,93306,SHAFTER,KERN,93263,medium,name_exact,07-31-2028,Physical Therapist
PT,34677,ABEGAIL AGCALAO,,661-308-8777,,1841952595,2535 16TH ST,BAKERSFIELD,CA,93301,BAKERSFIELD,KERN,93311,high,license_number,06-30-2027,Physical Therapist
PT,42940,ADAM RICKS,,661-448-3800,,1679949994,4717 ALDEN CT,BAKERSFIELD,CA,93311,BAKERSFIELD,KERN,93308,high,license_number,09-30-2028,Physical Therapist
PT,24101,ALISA MARIE SUBURU,P.T.,661-377-1700,,1235369281,1800 WESTWIND DR,BAKERSFIELD,CA,93301,BAKERSFIELD,KERN,93312,high,license_number,10-31-2026,Physical Therapist
PT,294301,ALMA LORESCA ROLLE,RPT,909-908-7458,,1811512460,2211 MOUNT VERNON AVE,BAKERSFIELD,CA,93306,BAKERSFIELD,KERN,93306,high,license_number,02-28-2027,Physical Therapist
PT,294478,AMANDA LYNN ROHKOHL,DPT,424-269-3400,,1912407123,11840 S LA CIENEGA BLVD,HAWTHORNE,CA,90250,BAKERSFIELD,KERN,93309,high,license_number,07-31-2027,Physical Therapist
PT,294047,AMANDEEP SINGH,Physical therapist,661-332-2760,,1346799145,2515 KARRIE LYNN DR,BAKERSFIELD,CA,93313,BAKERSFIELD,KERN,93313,high,license_number,12-31-2026,Physical Therapist
PT,35326,ANDREA MISCAL FREEMAN,DPT,818-323-2000,,1265741888,6401 CADILLAC AVE,LOS ANGELES,CA,90034,BAKERSFIELD,KERN,93311,high,license_number,09-30-2026,Physical Therapist
PT,305946,ANDREW PASCUA ROSALES,"PT, DPT",661-863-2302,,1902785108,"3320 TRUXTUN AVE SUITE 100, BAKERSFIELD, CA 93301",BAKERSFIELD,CA,93301,BAKERSFIELD,KERN,93311,high,license_number,10-31-2027,Physical Therapist
PT,34480,ANDREW UY,RPT,714-299-7473,,1487006342,105 WHITE ALDER DR,BAKERSFIELD,CA,93314,BAKERSFIELD,KERN,93314,high,license_number,04-30-2027,Physical Therapist
PT,27976,ANDRIS LORENZO VEISS,PT,661-377-1700,,1265461461,13125 ROSEDALE HWY,BAKERSFIELD,CA,93314,BAKERSFIELD,KERN,93314,high,license_number,10-31-2026,Physical Therapist
PT,291785,ANSELMO BRUNO PARINAS,PT,716-327-6600,,1881110666,1705 CLINTON ST,DELANO,CA,93215,DELANO,KERN,93215,high,license_number,04-30-2028,Physical Therapist
PT,299928,ANTHONY BRIAN GRANGER,P.T.,661-377-1700,,1255530697,7737 MEANY AVE STE B5,BAKERSFIELD,CA,93308,SHAFTER,KERN,93263,medium,name_exact,07-31-2028,Physical Therapist
PT,291862,ANTHONY DOUGLAS HARRELL,P.T.,661-378-3206,,1396290391,5630 DISTRICT BLVD STE 105,BAKERSFIELD,CA,93313,BAKERSFIELD,KERN,93313,high,license_number,01-31-2028,Physical Therapist
PT,24700,ANTHONY GLADE FREHNER,DPT,661-834-2300,,1235163445,4300 STINE RD,BAKERSFIELD,CA,93313,BAKERSFIELD,KERN,93311,high,license_number,05-31-2027,Physical Therapist
PT,302436,BERNADETTE LYNNE ADVINCULA GONZALEZ,"PT, DPT",661-554-3885,,1912627969,1160 E LERDO HWY STE G,SHAFTER,CA,93263,BAKERSFIELD,KERN,93314,high,license_number,03-31-2028,Physical Therapist
PT,14545,BLAYNE ROBINSON LIPAROTO,P.T.,805-654-8127,,1710003728,4572 TELEPHONE RD STE 903,VENTURA,CA,93003,TEHACHAPI,KERN,93561,high,license_number,11-30-2027,Physical Therapist
PT,306434,BRANDON OSCAR VILLALOBOS,"PT, DPT",858-400-8281,,1104657444,15373 INNOVATION DR STE 220,SAN DIEGO,CA,92128,BAKERSFIELD,KERN,93386,high,license_number,08-31-2028,Physical Therapist
PT,291907,BRENDON KIMBER,PT,661-871-5908,,1659826493,2601 OSWELL ST STE 105,BAKERSFIELD,CA,93306,BAKERSFIELD,KERN,93306,high,license_number,03-31-2028,Physical Therapist
PT,297908,BRIANNA BERRY,DPT,850-638-3387,,1831738475,1567 MAIN ST,CHIPLEY,FL,32428,BAKERSFIELD,KERN,93306,high,license_number,10-31-2027,Physical Therapist
PT,38687,BRITTANY LATTA,P.T.,661-377-1700,,1376963736,815 TUCKER RD,TEHACHAPI,CA,93561,TEHACHAPI,KERN,93561,high,license_number,05-31-2027,Physical Therapist
PT,6033,BRUCE I. TAKII,PT,661-763-4194,,1942239785,337 S. 10TH ST. #G,TAFT,CA,93268,TAFT,KERN,93268,high,license_number,03-31-2028,Physical Therapist
PT,19887,BYRON L KROEKER,PT,661-615-6150,,1104818277,200 CHINA GRADE LOOP,BAKERSFIELD,CA,93308,BAKERSFIELD,KERN,93301,high,license_number,11-30-2027,Physical Therapist
PT,303414,CANNON CREESE,DPT,661-589-9066,,1164134201,9501 FLUSHING QUAIL RD STE 10,BAKERSFIELD,CA,93312,BAKERSFIELD,KERN,93312,high,license_number,09-30-2026,Physical Therapist
PT,302251,CARLY ANN TUCKER,,661-200-9660,,1386374114,5300 LENNOX AVE STE 200,BAKERSFIELD,CA,93309,BAKERSFIELD,KERN,93309,high,license_number,07-31-2027,Physical Therapist
PT,19532,CARYN ADAIR HARRIS,P.T.,661-377-1700,,1457581415,7737 MEANY AVE # B5-7,BAKERSFIELD,CA,93308,BAKERSFIELD,KERN,93312,high,license_number,09-30-2027,Physical Therapist
PT,10788,CATHERINE CLAIRE WHITTINGTON,P.T.,661-328-5565,,1588894638,2400 BAHAMAS DR STE 200,BAKERSFIELD,CA,93309,BAKERSFIELD,KERN,93314,high,license_number,11-30-2027,Physical Therapist
PT,298592,CHARLOTTE MEI GUON LEE,,415-632-8151,,1164047080,140 FARNUM ST,SAN FRANCISCO,CA,94131,RIDGECREST,KERN,93555,high,license_number,07-31-2028,Physical Therapist
PT,294882,CHELSEA MILLER,PT,707-421-0418,,1184110397,222 ACACIA ST,FAIRFIELD,CA,94533,EDWARDS,KERN,93523,high,license_number,05-31-2028,Physical Therapist
PT,306908,CHLOE NICOLE OCHOA CAMACHO,"PT, DPT",760-371-1411,,1376154328,935 E RIDGECREST BLVD,RIDGECREST,CA,93555,RIDGECREST,KERN,93555,high,license_number,11-30-2027,Physical Therapist
PT,32777,CHRISTIAN GRAFILO CLEMENTE,PT DPT,661-872-2121,,1356816672,2211 MOUNT VERNON AVE,BAKERSFIELD,CA,93306,BAKERSFIELD,KERN,93311,high,license_number,04-30-2028,Physical Therapist
PT,17112,CHRISTINE DENISE TRAVIS,"PT, DPT",661-823-3070,,1750570339,116 W F ST,TEHACHAPI,CA,93561,TEHACHAPI,KERN,93561,high,license_number,02-29-2028,Physical Therapist
PT,296386,CHRISTOPHER BOYD,,661-863-2700,,1922973759,5500 MING AVE STE 128,BAKERSFIELD,CA,93309,BAKERSFIELD,KERN,93306,high,license_number,12-31-2026,Physical Therapist
PT,294392,CHRISTOPHER DELLOTA,PT,661-377-1700,,1013416015,2838 OSWELL ST,BAKERSFIELD,CA,93306,BAKERSFIELD,KERN,93313,medium,name_exact,06-30-2027,Physical Therapist
PT,8718,CHUNG KAY LI,P.A.; RPT,661-474-2600,,1285931782,1004 14TH AVE,DELANO,CA,93215,BAKERSFIELD,KERN,93302,high,license_number,11-30-2027,Physical Therapist
PT,297275,CORRINE EZIKA,"PT, DPT",760-977-1631,,1598502775,820 W. WARD AVE,RIDGECREST,CA,93555,RIDGECREST,KERN,93555,high,license_number,07-31-2027,Physical Therapist
PT,28904,CORY JEFFRIES FREHNER,MSPT,661-589-6700,,1902831191,3500 COFFEE RD STE A,BAKERSFIELD,CA,93308,BAKERSFIELD,KERN,93308,high,license_number,07-31-2027,Physical Therapist
PT,34679,CRIS BARRILI,,661-833-0664,,1396802849,6351 AKERS RD SPC 21,BAKERSFIELD,CA,93313,BAKERSFIELD,KERN,93306,medium,name_initial_zip,04-30-2028,Physical Therapist
PT,19251,DALE GREEN,P.T.,661-377-1700,,1083844005,3400 CALLOWAY DR STE 603,BAKERSFIELD,CA,93312,BAKERSFIELD,KERN,93312,high,license_number,01-31-2027,Physical Therapist
PT,24464,DARIN ALLEN SIEBERT,DPT,661-834-2300,,1962436170,4300 STINE RD,BAKERSFIELD,CA,93313,BAKERSFIELD,KERN,93306,high,license_number,04-30-2027,Physical Therapist
PT,19919,DAVID L ROUS,PT OCS,661-832-9737,,1346232402,3700 GOSFORD RD,BAKERSFIELD,CA,93309,BAKERSFIELD,KERN,93304,high,license_number,06-30-2027,Physical Therapist
PT,294275,DAVID M EATON,PT,661-377-1700,,1235902842,2838 OSWELL ST,BAKERSFIELD,CA,93306,BAKERSFIELD,KERN,93311,high,license_number,08-31-2027,Physical Therapist
PT,19305,DAWN LYNETTE WATERHOUSE,PT,661-377-1700,,1750627360,1800 WESTWIND DR STE 500,BAKERSFIELD,CA,93301,BAKERSFIELD,KERN,93314,high,license_number,04-30-2027,Physical Therapist
PT,26676,DEBORAH ANN DENIO-IPEKJIAN,"MPT,DPT,MTC",661-447-5020,,1457406746,4208 ROSEDALE HWY STE 204,BAKERSFIELD,CA,93308,BAKERSFIELD,KERN,93306,high,license_number,06-30-2027,Physical Therapist
PT,292525,DEEPA MAHESH KONNUR,"MPT, OCS",661-303-6225,,1245655307,8200 STOCKDALE HWY STE B2,BAKERSFIELD,CA,93311,BAKERSFIELD,KERN,93314,high,license_number,10-31-2026,Physical Therapist
PT,304584,DELIA RAMIREZ,PT,661-377-1700,,1548943996,7737 MEANY AVE STE B5,BAKERSFIELD,CA,93308,BAKERSFIELD,KERN,93308,high,license_number,06-30-2027,Physical Therapist
PT,39596,DELISA NICHELLE LEWIS,PT,661-377-1700,,1659618924,7737 MEANY AVE,BAKERSFIELD,CA,93308,SHAFTER,KERN,93263,high,license_number,06-30-2028,Physical Therapist
PT,296586,DEREK CHRISTOPHER BOSS,,661-679-6238,,1487219390,8501 BRIMHALL RD STE 201,BAKERSFIELD,CA,93312,BAKERSFIELD,KERN,93390,high,license_number,08-31-2028,Physical Therapist
PT,26313,DESTINEY D CAMPBELL,M.P.T.,661-832-9737,,1518149004,3700 GOSFORD RD,BAKERSFIELD,CA,93309,BAKERSFIELD,KERN,93308,high,license_number,03-31-2027,Physical Therapist
PT,16581,DHAVAL P BUCH,PT,661-588-4286,,1164559480,1002 CALLOWAY DR,BAKERSFIELD,CA,93312,BAKERSFIELD,KERN,93311,high,license_number,12-31-2027,Physical Therapist
PT,24598,DIANE LEE BISHOP,PT,760-384-4441,,1245261296,730 N NORMA ST,RIDGECREST,CA,93555,RIDGECREST,KERN,93555,high,license_number,01-31-2027,Physical Therapist
PT,35650,DIWATA ENRIQUEZ LOPEZ,PT,386-698-4720,,1972748275,405 S SUMMIT ST,CRESCENT CITY,FL,32112,BAKERSFIELD,KERN,93313,medium,name_exact,08-31-2028,Physical Therapist
PT,29289,DOUGLAS EARL DANEL,P.T.,661-327-9617,,1801928338,1800 WESTWIND DR,BAKERSFIELD,CA,93301,BAKERSFIELD,KERN,93314,high,license_number,01-31-2028,Physical Therapist
PT,35263,EDGAR VELASCO PATINDOL,PT,559-251-7161,,1144618547,4840 E TULARE AVE,FRESNO,CA,93727,BAKERSFIELD,KERN,93306,high,license_number,01-31-2028,Physical Therapist
PT,36515,EDWIN VALDEZ VINARAO,,310-498-8541,,1164678413,883 WORTHINGTON ST,SAN DIEGO,CA,92114,BAKERSFIELD,KERN,93311,high,license_number,10-31-2027,Physical Therapist
PT,293350,EMILY ANNE HAVEN,"PT, DPT",858-254-4361,,1053836718,9351 VERVAIN STREET,SAN DIEGO,CA,92129,BAKERSFIELD,KERN,93309,high,license_number,04-30-2027,Physical Therapist
PT,38749,ERIC A SILVA,DPT,661-871-5908,,1790059707,2601 OSWELL ST,BAKERSFIELD,CA,93306,BAKERSFIELD,KERN,93314,high,license_number,02-29-2028,Physical Therapist
PT,36158,ERIKA LYNEE JOHNSON,P.T.,661-377-1700,,1477882280,11206 OLIVE DR,BAKERSFIELD,CA,93312,BAKERSFIELD,KERN,93312,high,license_number,03-31-2027,Physical Therapist
PT,26763,ERIN PARKER PANDOL,"MPT, OCS",661-720-2660,,1033101100,1701 S LEXINGTON ST,DELANO,CA,93215,BAKERSFIELD,KERN,93309,high,license_number,03-31-2027,Physical Therapist
PT,12164,ESTRELITA B BUMACOD,R.P.T.,661-308-8777,,1538104971,2535 16TH ST,BAKERSFIELD,CA,93301,BAKERSFIELD,KERN,93312,high,license_number,06-30-2027,Physical Therapist
PT,306615,FRANCISCO IBARRA,"PT, DPT",661-863-2302,,1811876220,3320 TRUXTUN AVE STE 100,BAKERSFIELD,CA,93301,WASCO,KERN,93280,high,license_number,06-30-2028,Physical Therapist
PT,301825,FRANCISCO PADILLA,P.T.,661-240-8477,,1366199069,1420 7TH ST,WASCO,CA,93280,WASCO,KERN,93280,high,license_number,07-31-2027,Physical Therapist
PT,14283,FRESCO HERRERA,P.T.,661-324-0122,,1508080227,5337 TRUXTUN AVE,BAKERSFIELD,CA,93309,BAKERSFIELD,KERN,93308,high,license_number,07-31-2028,Physical Therapist
PT,25083,GEOFF T SMITH,MPT,661-868-7660,,1457693715,1420 H ST,BAKERSFIELD,CA,93301,BAKERSFIELD,KERN,93314,high,license_number,07-31-2027,Physical Therapist
PT,293844,GEORGE SALAZAR,P.T.,661-377-1700,,1679084057,3400 CALLOWAY DR STE 603,BAKERSFIELD,CA,93312,TEHACHAPI,KERN,93561,high,license_number,11-30-2026,Physical Therapist
PT,302661,GEOVANNI SANDOVAL,DPT,661-706-0180,,1003678392,11006 BRIMHALL RD,BAKERSFIELD,CA,93312,BAKERSFIELD,KERN,93312,high,license_number,08-31-2028,Physical Therapist
PT,32776,GERARD GUMBOC,P.T.,805-526-8360,,1942268784,2840 E LOS ANGELES AVE,SIMI VALLEY,CA,93065,BAKERSFIELD,KERN,93313,high,license_number,08-31-2027,Physical Therapist
PT,307675,GIANN VISQUE,"PT, DPT",661-863-2299,,1194604389,1026 CALLOWAY DR STE 100,BAKERSFIELD,CA,93312,BAKERSFIELD,KERN,93311,high,license_number,11-30-2026,Physical Therapist
PT,296225,GRACE BORCHIK,DPT,909-649-3255,,1669042008,1 QUALITY DR,VACAVILLE,CA,95688,RIDGECREST,KERN,93555,high,license_number,02-28-2027,Physical Therapist
PT,32718,GRACE RAMOS,RPT,562-810-1106,,1689112880,5300 WOODMERE DR,BAKERSFIELD,CA,93313,BAKERSFIELD,KERN,93311,high,license_number,12-31-2027,Physical Therapist
PT,14574,GRACIELA CHRISTINE JACOBO,R.P.T.,661-631-8793,,1174540108,2828 H ST,BAKERSFIELD,CA,93301,BAKERSFIELD,KERN,93311,high,license_number,11-30-2027,Physical Therapist
PT,38300,GRACITA KALLOS CLEMENA,PT,386-846-3521,,1952665879,675 W REFINADO WAY,MOUNTAIN HOUSE,CA,95391,BAKERSFIELD,KERN,93313,high,license_number,07-31-2027,Physical Therapist
PT,21546,GREGORY K NEWTON,DPT,661-763-4194,,1982637815,337 S 10TH ST STE G,TAFT,CA,93268,BAKERSFIELD,KERN,93312,high,license_number,04-30-2028,Physical Therapist
PT,298097,GURMANN THIND,PT,661-377-1700,,1003449562,7900 DISTRICT BLVD UNIT A,BAKERSFIELD,CA,93313,BAKERSFIELD,KERN,93311,high,license_number,12-31-2027,Physical Therapist
PT,10631,HENRY NMI FROHLICH,R.P.T.,760-371-1606,,1770538761,459 S CHINA LAKE BLVD,RIDGECREST,CA,93555,RIDGECREST,KERN,93555,high,license_number,07-31-2028,Physical Therapist
PT,40465,HILARION TOLOSA TORRICER,PT,661-377-1700,,1144654914,8800 STOCKDALE HWY,BAKERSFIELD,CA,93311,BAKERSFIELD,KERN,93314,high,license_number,10-31-2026,Physical Therapist
PT,294427,HILARY CARYN GRIFFIN,"PT, DPT",760-371-1411,,1164921037,935 E RIDGECREST BLVD,RIDGECREST,CA,93555,RIDGECREST,KERN,93555,high,license_number,04-30-2027,Physical Therapist
PT,43539,HOLLY COMPTON,DPT,615-655-3198,,1568841229,7850 WHITE LN,BAKERSFIELD,CA,93309,VENICE,KERN,90291,high,license_number,10-31-2027,Physical Therapist
PT,34058,ILDEFONSO TIMPLE CAMPOMANES,P.T.,661-377-1700,,1588877666,2838 OSWELL ST,BAKERSFIELD,CA,93306,MC FARLAND,KERN,93250,high,license_number,03-31-2027,Physical Therapist
PT,26697,ISMAEL JOSON BARTOLOME,PT,562-219-1392,,1205656568,10414 SHARKTOOTH PEAK DR,BAKERSFIELD,CA,93311,BAKERSFIELD,KERN,93311,high,license_number,05-31-2027,Physical Therapist
PT,298211,JACKLYN LEE,P.T.,661-377-1700,,1346997525,13019 STOCKDALE HWY UNIT 500,BAKERSFIELD,CA,93314,BAKERSFIELD,KERN,93308,high,license_number,08-31-2027,Physical Therapist
PT,305100,JAGJEET GILL,DPT,661-377-1700,,1851165880,13019 STOCKDALE HWY UNIT 500,BAKERSFIELD,CA,93314,BAKERSFIELD,KERN,93314,high,license_number,10-31-2027,Physical Therapist
PT,291456,JAIME HINAHON,PT,951-665-1510,,1609227016,1695 S SAN JACINTO AVE,SAN JACINTO,CA,92583,ROSAMOND,KERN,93560,high,license_number,11-30-2027,Physical Therapist
PT,294852,JAMES EDWARD TAYLOR,"PT, DPT, OCS, COMT",661-412-4667,,1700363306,3400 PANAMA LN STE R,BAKERSFIELD,CA,93313,BAKERSFIELD,KERN,93312,high,license_number,06-30-2027,Physical Therapist
PT,1749,JAMES LEE KELLER,P.T.,805-423-0975,,1649248972,24321 BAY CT,TEHACHAPI,CA,93561,TEHACHAPI,KERN,93561,high,license_number,02-28-2027,Physical Therapist
PT,43575,JAN CASTILAN,PT,661-377-1700,,1659736049,2838 OSWELL ST,BAKERSFIELD,CA,93306,BAKERSFIELD,KERN,93313,high,license_number,07-31-2027,Physical Therapist
PT,38290,JANIS PENALOSA DAIGAN,,661-231-8985,,1457098766,350 CALLOWAY DR,BAKERSFIELD,CA,93312,BAKERSFIELD,KERN,93311,high,license_number,01-31-2027,Physical Therapist
PT,291460,JARED ESKEW,"PT, DPT",661-827-8959,,1093165896,8200 STOCKDALE HWY,BAKERSFIELD,CA,93311,BAKERSFIELD,KERN,93314,high,license_number,12-31-2027,Physical Therapist
PT,305575,JASLEEN MANDER,DPT,661-241-4089,,1194531699,1811 OAK ST STE 150,BAKERSFIELD,CA,93301,BAKERSFIELD,KERN,93314,high,license_number,01-31-2028,Physical Therapist
PT,41167,JASMIN ELLI IGNACIO SCOTT,DPT,661-589-9066,,1134534704,2701 CALLOWAY DR,BAKERSFIELD,CA,93312,SHAFTER,KERN,93263,high,license_number,09-30-2027,Physical Therapist
PT,33905,JASON CARULLO SABLAN,RPT,417-499-5185,,1356496673,4101 BRITTANY ST APT 202,BAKERSFIELD,CA,93312,BAKERSFIELD,KERN,93311,high,license_number,10-31-2026,Physical Therapist
PT,32789,JEANETTE PAGE,,661-229-8767,,1538674320,13209 SABINE FOREST AVE,BAKERSFIELD,CA,93314,BAKERSFIELD,KERN,93390,high,license_number,04-30-2028,Physical Therapist
PT,21084,JENNIFER ANNE BANKSTON,PT,661-661-7975,,1811088891,815 TUCKER RD STE C,TEHACHAPI,CA,93561,TEHACHAPI,KERN,93561,high,license_number,06-30-2027,Physical Therapist
PT,35578,JENNIFER L ANGELO,"PT, DPT, OCS",661-282-8737,,1619111846,4605 BUENA VISTA RD STE 690,BAKERSFIELD,CA,93311,BAKERSFIELD,KERN,93312,high,license_number,03-31-2027,Physical Therapist
PT,295328,JENNIFER MILLER,P.T.,661-377-1700,,1164905261,3400 CALLOWAY DR STE 603,BAKERSFIELD,CA,93312,SHAFTER,KERN,93263,high,license_number,11-30-2027,Physical Therapist
PT,34995,JOANNA HERNANDEZ,DPT,909-633-8279,,1235381559,10870 PEPPER WAY,LOMA LINDA,CA,92354,FRAZIER PARK,KERN,93225,high,license_number,06-30-2028,Physical Therapist
PT,37449,JOANNA LYNN PEREZ- LEON,PT,661-377-1700,,1164726113,901 TOWER WAY,BAKERSFIELD,CA,93309,BAKERSFIELD,KERN,93313,high,license_number,01-31-2028,Physical Therapist
PT,22519,JONART RABONZA ROSAL,"PT, DPT",760-977-1554,,1922680107,627 GARIS AVE,RIDGECREST,CA,93555,RIDGECREST,KERN,93555,high,license_number,01-31-2027,Physical Therapist
PT,33900,JONELYN MAGBITANG,,661-642-6337,,1730068248,1205 GARCES HWY,DELANO,CA,93215,DELANO,KERN,93215,high,license_number,07-31-2027,Physical Therapist
PT,36627,JOSE C RIZO,PT,661-635-3403,,1710208897,3733 SAN DIMAS,BAKERSFIELD,CA,93301,BAKERSFIELD,KERN,93301,high,license_number,12-31-2027,Physical Therapist
PT,41718,JOSE GONZALEZ,PT,661-377-1700,,1578966644,8800 STOCKDALE HWY,BAKERSFIELD,CA,93311,DELANO,KERN,93215,high,license_number,11-30-2027,Physical Therapist
PT,33786,JOSE LONGA,,971-206-5237,,1598123051,4560 SE INTERNATIONAL WAY,MILWAUKIE,OR,97222,BAKERSFIELD,KERN,93311,high,license_number,12-31-2026,Physical Therapist
PT,304461,JOSEPH GONZALEZ,,661-778-2286,,1780137851,2512 SILLANO DR,DELANO,CA,93215,DELANO,KERN,93215,high,license_number,10-31-2028,Physical Therapist
PT,298071,JOSHU CRAIG DIEBEL,,661-633-3954,,1669004271,1201 23RD ST,BAKERSFIELD,CA,93301,BAKERSFIELD,KERN,93301,high,license_number,11-30-2027,Physical Therapist
PT,304096,JOVIANNE PHAM,"PT, DPT",661-832-9737,,1598459836,3700 GOSFORD RD STE G,BAKERSFIELD,CA,93309,BAKERSFIELD,KERN,93309,high,license_number,07-31-2028,Physical Therapist
PT,307390,JULIA MARTINEZ,DPT,661-377-1700,,1487462966,7900 DISTRICT BLVD UNIT A,BAKERSFIELD,CA,93313,BAKERSFIELD,KERN,93308,high,license_number,01-31-2028,Physical Therapist
PT,18941,JULIE LYNN GONZALES,P.T.,661-823-8101,,1831481100,21628 GOLDEN STAR BLVD,TEHACHAPI,CA,93561,TEHACHAPI,KERN,93561,high,license_number,07-31-2028,Physical Therapist
PT,30183,JUSTIN NEAL AGEE,P.T.,760-793-6262,,1528215688,1081 N CHINA LAKE BLVD,RIDGECREST,CA,93555,BAKERSFIELD,KERN,93306,high,license_number,08-31-2028,Physical Therapist
PT,35875,KATHRYN GARCIA,D.P.T.,760-371-1411,,1295058436,935 E RIDGECREST BLVD,RIDGECREST,CA,93555,RIDGECREST,KERN,93555,high,license_number,05-31-2027,Physical Therapist
PT,22981,KATHY KAI-YEE CHANG,,661-241-4089,,1174319222,1811 OAK ST STE 150,BAKERSFIELD,CA,93301,BAKERSFIELD,KERN,93311,high,license_number,02-28-2027,Physical Therapist
PT,26789,KEITH RICHARD ZABALA,P.T.,661-377-1700,,1033340872,2838 OSWELL ST,BAKERSFIELD,CA,93306,BAKERSFIELD,KERN,93311,high,license_number,10-31-2027,Physical Therapist
PT,40591,KELLY MONTOYA,PT,661-679-6238,,1952730327,8311 BRIMHALL RD STE 1904,BAKERSFIELD,CA,93312,BAKERSFIELD,KERN,93312,high,license_number,10-31-2026,Physical Therapist
PT,35292,KEVIN JOSEPH ROSHAU,D.P.T.,661-871-5908,,1386960995,2601 OSWELL ST.,BAKERSFIELD,CA,93306,BAKERSFIELD,KERN,93308,high,license_number,07-31-2028,Physical Therapist
PT,292762,KIMBERLY ANN CAMPBELL,PT,661-328-5565,,1063962025,2400 BAHAMAS DR,BAKERSFIELD,CA,93309,BAKERSFIELD,KERN,93308,high,license_number,06-30-2028,Physical Therapist
PT,298330,KITTY SACHDEVA,,661-871-3133,,1467129494,6212 TUDOR WAY,BAKERSFIELD,CA,93306,BAKERSFIELD,KERN,93311,high,license_number,02-29-2028,Physical Therapist
PT,310394,KOURTNEY LYNN HOLMES,,661-327-4357,,1750217105,2131 G ST,BAKERSFIELD,CA,93301,BAKERSFIELD,KERN,93301,high,license_number,03-31-2028,Physical Therapist
PT,25135,KRISTA M SABO,PT,661-706-0180,,1316176399,11006 BRIMHALL RD,BAKERSFIELD,CA,93312,BAKERSFIELD,KERN,93312,high,license_number,08-31-2027,Physical Therapist
PT,13010,KURT THOMAS WINGATE,PT,661-327-4357,,1811989973,1201 23RD ST,BAKERSFIELD,CA,93301,BAKERSFIELD,KERN,93306,high,license_number,07-31-2027,Physical Therapist
PT,41707,KYLE NOE,"PT, DPT",661-377-1700,,1851793491,7900 DISTRICT BLVD,BAKERSFIELD,CA,93313,BAKERSFIELD,KERN,93309,high,license_number,09-30-2026,Physical Therapist
PT,309109,KYLIE CHAVEZ,"PT, DPT",805-543-7771,,1063382075,805 AEROVISTA PL STE 104,SAN LUIS OBISPO,CA,93401,BAKERSFIELD,KERN,93309,high,license_number,09-30-2027,Physical Therapist
PT,307619,KYNDALL PRIEST,PT,661-377-1700,,1659177764,1800 WESTWIND DR STE 500,BAKERSFIELD,CA,93301,BAKERSFIELD,KERN,93311,high,license_number,06-30-2028,Physical Therapist
PT,39756,LAURA K COOPER,PT,661-273-5333,,1609093053,450 W PALMDALE BLVD STE F,PALMDALE,CA,93551,ROSAMOND,KERN,93560,high,license_number,06-30-2028,Physical Therapist
PT,29405,LILY HUNG WONG,"P.T., D.P.T., M.S.",510-792-3743,,1396871539,39022 PRESIDIO WAY,FREMONT,CA,94538,BAKERSFIELD,KERN,93314,high,license_number,05-31-2028,Physical Therapist
PT,32679,LIZA DIACUNA OSANO LIU,PT,661-377-1700,,1235468208,8800 STOCKDALE HWY,BAKERSFIELD,CA,93312,BAKERSFIELD,KERN,93311,high,license_number,04-30-2027,Physical Therapist
PT,295638,MA CLARISSA DELLOTA,P.T.,661-377-1700,,1053886945,7737 MEANY AVE STE B5-7,BAKERSFIELD,CA,93308,BAKERSFIELD,KERN,93314,high,license_number,08-31-2028,Physical Therapist
PT,310088,MADISON CAULK,"PT, DPT",661-377-1700,,1124955505,13019 STOCKDALE HWY UNIT 500,BAKERSFIELD,CA,93314,SHAFTER,KERN,93263,high,license_number,03-31-2028,Physical Therapist
PT,26583,MARCIA DIANE DAHM,P.T.,661-377-1700,,1396975371,7900 DISTRICT BLVD,BAKERSFIELD,CA,93313,BAKERSFIELD,KERN,93308,high,license_number,10-31-2027,Physical Therapist
PT,26798,MARIA ALBANIA BARTOLOME,,661-327-7687,,1417721697,730 34TH ST,BAKERSFIELD,CA,93301,BAKERSFIELD,KERN,93311,high,license_number,06-30-2027,Physical Therapist
PT,36792,MARIGOLD ESTEBAN,,661-587-0221,,1982188603,350 CALLOWAY DR,BAKERSFIELD,CA,93312,BAKERSFIELD,KERN,93314,medium,name_exact,02-29-2028,Physical Therapist
PT,33750,MARY ROSE RESULTAN REGALADO,,661-871-3133,,1275958688,6212 TUDOR WAY,BAKERSFIELD,CA,93306,BAKERSFIELD,KERN,93314,high,license_number,06-30-2027,Physical Therapist
PT,310918,MATTHEW TAMUNDA,"PT, DPT",800-973-1540,,1225945728,1801 JULIAN AVE,BAKERSFIELD,CA,93304,BAKERSFIELD,KERN,93309,high,license_number,04-30-2028,Physical Therapist
PT,26073,MAYA MARIE KIRPALANI,DPT,661-377-1700,,1386613701,7737 MEANY AVE # B5-7,BAKERSFIELD,CA,93308,BAKERSFIELD,KERN,93312,high,license_number,06-30-2028,Physical Therapist
PT,19830,MELANIE JANE FARRIS,P.T.,661-377-1700,,1982835666,4101 EASTON DR,BAKERSFIELD,CA,93309,BAKERSFIELD,KERN,93314,high,license_number,04-30-2028,Physical Therapist
PT,32190,MELANIE PONCE TAYLOR,PT,661-327-4357,,1720075609,1201 23RD ST,BAKERSFIELD,CA,93301,BAKERSFIELD,KERN,93311,high,license_number,11-30-2026,Physical Therapist
PT,291994,MICHAEL DAVID VARGA,,661-428-3258,,1053113969,5251 OFFICE PARK DR STE 400,BAKERSFIELD,CA,93309,BAKERSFIELD,KERN,93314,high,license_number,04-30-2028,Physical Therapist
PT,8926,MICHAEL JAY MAROTTA,P.T.,661-324-0122,,1245332014,5337 TRUXTUN AVE,BAKERSFIELD,CA,93309,BAKERSFIELD,KERN,93309,high,license_number,07-31-2027,Physical Therapist
PT,35044,MICHAEL MAR,"PT, DPT",661-326-2797,,1104162957,1700 MOUNT VERNON AVE,BAKERSFIELD,CA,93306,BAKERSFIELD,KERN,93312,high,license_number,11-30-2027,Physical Therapist
PT,23092,MICHAEL S. WHITESIDE,PT,661-845-0600,,1427162759,10130 MAIN ST,LAMONT,CA,93241,TEHACHAPI,KERN,93561,medium,name_exact,10-31-2027,Physical Therapist
PT,32856,MICHELLE LONGA,RPT,971-206-5237,,1003273962,4560 SE INTERNATIONAL WAY,MILWAUKIE,OR,97222,BAKERSFIELD,KERN,93311,high,license_number,02-29-2028,Physical Therapist
PT,35423,MIKHAIL KAHLIL NOEL,,661-587-0221,,1174260889,350 CALLOWAY DR,BAKERSFIELD,CA,93312,BAKERSFIELD,KERN,93312,high,license_number,04-30-2028,Physical Therapist
PT,39137,MITCHELL LEE WRIGHT,P.T.,661-377-1700,,1124373782,7900 DISTRICT BLVD UNIT C,BAKERSFIELD,CA,93313,BAKERSFIELD,KERN,93312,high,license_number,11-30-2027,Physical Therapist
PT,296529,MOHAMMAD MUHIB KHAN,P.T.,661-377-1700,,1043799158,7900 DISTRICT BLVD UNIT A,BAKERSFIELD,CA,93313,BAKERSFIELD,KERN,93313,high,license_number,07-31-2028,Physical Therapist
PT,34920,NICHOL ARLINE MAYTUBBY,DPT,661-377-1700,,1205939717,4101 EASTON DR,BAKERSFIELD,CA,93309,BAKERSFIELD,KERN,93314,high,license_number,09-30-2026,Physical Therapist
PT,42528,NICHOLAS SIMMONS,DPT,661-832-9737,,1821478488,3700 GOSFORD RD,BAKERSFIELD,CA,93309,BAKERSFIELD,KERN,93390,high,license_number,07-31-2028,Physical Therapist
PT,34154,NICOLE CARMEN GODETT,PT,760-301-5411,,1386823813,730 N NORMA ST,RIDGECREST,CA,93555,RIDGECREST,KERN,93555,high,license_number,08-31-2027,Physical Therapist
PT,304674,OSCAR OBREGON,DPT,661-377-1700,,1396528089,8800 STOCKDALE HWY STE 150,BAKERSFIELD,CA,93311,DELANO,KERN,93215,high,license_number,07-31-2027,Physical Therapist
PT,21982,PAMELA ANN MAXWELL,P.T.,661-377-1700,,1043440035,4101 EASTON DR,BAKERSFIELD,CA,93309,BAKERSFIELD,KERN,93314,high,license_number,08-31-2028,Physical Therapist
PT,30380,PAMELA ANN MIDDLETON,"PT, MPT, MCMT",661-823-3070,,1992902217,116 W F ST,TEHACHAPI,CA,93561,TEHACHAPI,KERN,93561,high,license_number,09-30-2026,Physical Therapist
PT,292422,PATRICIA IGNACIO,,800-788-4815,,1245773092,8840 CYPRESS WATERS BLVD,COPPELL,TX,75019,BAKERSFIELD,KERN,93304,high,license_number,12-31-2027,Physical Therapist
PT,41149,PAUL CHARLES CAUDILLO,D.P.T.,661-282-8737,,1881010858,4605 BUENA VISTA RD STE 680,BAKERSFIELD,CA,93311,BAKERSFIELD,KERN,93311,high,license_number,02-29-2028,Physical Therapist
PT,38617,PAULINE EVELYN STEWARD,PT,661-377-1700,,1144599630,2838 OSWELL ST,BAKERSFIELD,CA,93306,BAKERSFIELD,KERN,93307,high,license_number,07-31-2027,Physical Therapist
PT,306971,QUINCY SMITH,DPT,661-377-1700,,1053131193,13019 STOCKDALE HWY UNIT 500,BAKERSFIELD,CA,93314,BAKERSFIELD,KERN,93311,high,license_number,01-31-2028,Physical Therapist
PT,297778,RACHEL CRANE SMITH,P.T.,661-377-1700,,1831736990,7737 MEANY AVE STE B5,BAKERSFIELD,CA,93308,BAKERSFIELD,KERN,93311,high,license_number,07-31-2027,Physical Therapist
PT,34502,REBECCA MICHELLE NEWTON,P.T.,661-377-1700,,1710156450,7737 MEANY AVE # B5-7,BAKERSFIELD,CA,93308,BAKERSFIELD,KERN,93308,high,license_number,08-31-2027,Physical Therapist
PT,35788,RICK CHRISTOPHER MONTOYA,P.T.,661-679-6238,,1063645646,8311 BRIMHALL RD STE 1904,BAKERSFIELD,CA,93312,BAKERSFIELD,KERN,93312,high,license_number,05-31-2027,Physical Therapist
PT,10086,ROBERT DWIGHT PAIR,Physical Therapist,616-634-9440,,1972517902,2603 G STREET,BAKERSFIELD,CA,93301,BAKERSFIELD,KERN,93301,medium,name_exact,10-31-2026,Physical Therapist
PT,25065,RONALD GLENN BELL,MPT,805-746-6092,,1194045351,10013 TUSCARORA DR,BAKERSFIELD,CA,93312,BAKERSFIELD,KERN,93308,high,license_number,10-31-2027,Physical Therapist
PT,305137,RYAN FARRIS,DPT,661-377-1700,,1831963867,3400 CALLOWAY DR STE 603,BAKERSFIELD,CA,93312,BAKERSFIELD,KERN,93314,high,license_number,03-31-2027,Physical Therapist
PT,30304,RYAN REGALADO,,661-871-3133,,1801211214,6212 TUDOR WAY,BAKERSFIELD,CA,93306,BAKERSFIELD,KERN,93314,high,license_number,04-30-2027,Physical Therapist
PT,297403,RYAN T KIRSCHENMANN,PT,661-328-0650,,1548801012,5337 TRUXTUN AVE,BAKERSFIELD,CA,93309,BAKERSFIELD,KERN,93311,high,license_number,05-31-2027,Physical Therapist
PT,42371,SAMUEL BRYCE SHEFFIELD,PT,661-377-1700,,1760876494,4004 PANAMA LN STE 100,BAKERSFIELD,CA,93313,BAKERSFIELD,KERN,93312,high,license_number,08-31-2028,Physical Therapist
PT,297035,SANDRA HARRELL,"DPT, MS",626-434-9677,,1427827070,8200 STOCKDALE HWY STE M10,BAKERSFIELD,CA,93311,BAKERSFIELD,KERN,93313,high,license_number,03-31-2027,Physical Therapist
PT,304510,SARAH SONYA OWEN,"PT, DPT",661-241-4089,,1164206975,1811 OAK ST STE 150,BAKERSFIELD,CA,93301,BAKERSFIELD,KERN,93314,high,license_number,06-30-2027,Physical Therapist
PT,9197,SATISH S GAITONDE,PT,661-871-5908,,1043239015,2601 OSWELL ST STE 105,BAKERSFIELD,CA,93306,BAKERSFIELD,KERN,93306,medium,name_exact,02-28-2027,Physical Therapist
PT,15482,SCOTT MICHAEL LAURENTE,P.T.,661-328-2388,,1790870764,2400 BAHAMAS DR,BAKERSFIELD,CA,93309,BAKERSFIELD,KERN,93309,high,license_number,12-31-2026,Physical Therapist
PT,29016,SHERWIN ERIC BARTOLOME GAGATAM,P.T.,661-832-9737,,1659426716,3700 GOSFORD RD,BAKERSFIELD,CA,93309,BAKERSFIELD,KERN,93314,high,license_number,06-30-2027,Physical Therapist
PT,293435,SHIVANJALI REDDY PATEL,PT,661-377-1700,,1538685078,8800 STOCKDALE HWY STE 150,BAKERSFIELD,CA,93311,BAKERSFIELD,KERN,93314,high,license_number,09-30-2028,Physical Therapist
PT,19937,SONIA B BALBAS,RPT,714-543-5505,,1275704884,999 N TUSTIN AVE,SANTA ANA,CA,92705,DELANO,KERN,93215,high,license_number,02-29-2028,Physical Therapist
PT,34860,STEPHANIE BLACK,MPT,805-687-8553,,1245479963,2320 CALLE REAL,SANTA BARBARA,CA,93105,BAKERSFIELD,KERN,93306,high,license_number,09-30-2027,Physical Therapist
PT,36284,STEPHANIE MARIE STEWART,PT,408-354-2223,,1407186836,291 E MAIN ST,LOS GATOS,CA,95030,BAKERSFIELD,KERN,93311,high,license_number,03-31-2027,Physical Therapist
PT,43497,STEPHANIE SIMONA GARCIA,DPT,661-327-4357,,1588039705,1201 23RD ST,BAKERSFIELD,CA,93301,BAKERSFIELD,KERN,93304,high,license_number,01-31-2027,Physical Therapist
PT,42413,STEVEN M JELMINI,DPT,661-327-4357,,1215320130,1201 23RD ST,BAKERSFIELD,CA,93301,BAKERSFIELD,KERN,93301,high,license_number,01-31-2027,Physical Therapist
PT,301856,STEVEN MOMI,P.T.,661-377-1700,,1013665397,3400 CALLOWAY DR STE 603,BAKERSFIELD,CA,93312,BAKERSFIELD,KERN,93312,high,license_number,01-31-2028,Physical Therapist
PT,295947,STEVIE HUGHEY,DPT,661-827-8959,,1225518301,8200 STOCKDALE HWY STE B1,BAKERSFIELD,CA,93311,BAKERSFIELD,KERN,93312,high,license_number,11-30-2026,Physical Therapist
PT,32415,SUDHA SUBRAMANIAN,PT,661-377-1700,,1679976575,7737 MEANY AVE # B5-7,BAKERSFIELD,CA,93308,BAKERSFIELD,KERN,93311,high,license_number,03-31-2027,Physical Therapist
PT,24826,SUZANNE DAWN OESCH,MPT,661-587-0700,,1801006051,4550 COFFEE RD,BAKERSFIELD,CA,93308,BAKERSFIELD,KERN,93314,high,license_number,08-31-2027,Physical Therapist
PT,306798,SWATI CHOUHAN,,661-863-2306,,1699653097,5701 YOUNG ST STE 103,BAKERSFIELD,CA,93311,BAKERSFIELD,KERN,93311,high,license_number,04-30-2028,Physical Therapist
PT,292671,SYDNEY B. PEEPLES,DPT,661-589-9066,,1609313402,9501 FLUSHING QUAIL RD,BAKERSFIELD,CA,93312,BAKERSFIELD,KERN,93312,high,license_number,11-30-2026,Physical Therapist
PT,34536,TAMARA LYN BILLINGS,"PT, DPT",661-328-5565,,1811161078,5201 TRUXTUN AVE,BAKERSFIELD,CA,93309,BAKERSFIELD,KERN,93314,high,license_number,10-31-2027,Physical Therapist
PT,17997,THOMAS A. SAVARESE,P.T.,661-633-2125,,1578548749,4200 BUCK OWENS BLVD,BAKERSFIELD,CA,93308,BAKERSFIELD,KERN,93313,high,license_number,07-31-2027,Physical Therapist
PT,292869,THOMAS EDWARD FISHER,,805-682-3870,,1376767558,2324 BATH ST,SANTA BARBARA,CA,93105,BAKERSFIELD,KERN,93304,medium,name_exact,04-30-2028,Physical Therapist
PT,19119,TIMOTHY JON TERRIO,P.T.,661-377-1700,,1043478126,11206 OLIVE DR,BAKERSFIELD,CA,93312,BAKERSFIELD,KERN,93312,high,license_number,10-31-2026,Physical Therapist
PT,309690,TOBY MOLINA,PT,661-377-1700,,1912858903,3400 CALLOWAY DR STE 603,BAKERSFIELD,CA,93312,BAKERSFIELD,KERN,93313,high,license_number,02-29-2028,Physical Therapist
PT,25263,TONYA M GARES-MATNEY,MPT Certified MDT,661-589-9066,,1831181908,2701 CALLOWAY DR,BAKERSFIELD,CA,93312,BAKERSFIELD,KERN,93306,high,license_number,01-31-2028,Physical Therapist
PT,22351,TRAVIS CHARLES ECKARD,M.P.T.,661-326-2512,,1124256896,1700 MOUNT VERNON AVE,BAKERSFIELD,CA,93306,BAKERSFIELD,KERN,93306,high,license_number,01-31-2027,Physical Therapist
PT,38974,VAMSI KRISHNA SAKAMURI,PT,661-328-5565,,1285969923,5201 TRUXTUN AVE,BAKERSFIELD,CA,93309,BAKERSFIELD,KERN,93311,high,license_number,06-30-2027,Physical Therapist
PT,308806,VINCENT TUAN TRAN,DPT,661-317-5782,,1609754514,13207 FALL RIVER PL,BAKERSFIELD,CA,93314,BAKERSFIELD,KERN,93314,high,license_number,10-31-2026,Physical Therapist
PT,27216,WENDY ANNE NEWMAN,M.S.P.T.,661-324-0122,,1306934914,5337 TRUXTUN AVE,BAKERSFIELD,CA,93309,BAKERSFIELD,KERN,93314,high,license_number,07-31-2027,Physical Therapist
PT,25099,WILLIAM BRIAN MONROE,DPT OCS,661-832-9737,,1902898091,3700 GOSFORD RD,BAKERSFIELD,CA,93309,BAKERSFIELD,KERN,93311,high,license_number,11-30-2027,Physical Therapist
PT,36078,XAVIER ARANAS,Physical Therapist,818-397-9931,,1770473472,10210 AVIGNON WAY,BAKERSFIELD,CA,93306,BAKERSFIELD,KERN,93306,high,license_number,12-31-2026,Physical Therapist
PT,22753,YOON CHOE,PT,661-446-4050,,1245100072,1420 7TH ST,WASCO,CA,93280,BAKERSFIELD,KERN,93308,high,license_number,08-31-2027,Physical Therapist
PT,29807,ZACHARY MICHAEL LUCE,DPT,661-200-9660,,1740378884,1160 E LERDO HWY UNIT B,SHAFTER,CA,93263,BAKERSFIELD,KERN,93314,high,license_number,07-31-2028,Physical Therapist
PT,300020,ZENO LEE,,661-410-4000,,1871170720,1227 CHESTER AVE,BAKERSFIELD,CA,93301,BAKERSFIELD,KERN,93314,high,license_number,10-31-2026,Physical Therapist
PTA,9304,AMANDA DEL ROSARIO,,661-642-6337,,1215816517,1205 GARCES HWY,DELANO,CA,93215,DELANO,KERN,93215,high,license_number,09-30-2027,Physical Therapist Assistant
PTA,4647,AMEE WILSEY,PTA,661-703-6050,,1194078147,6002 LAUSANNE ST,BAKERSFIELD,CA,93308,BAKERSFIELD,KERN,93308,medium,name_exact,11-30-2026,Physical Therapist Assistant
PTA,49582,ANGELO TRINIDAD SAYON,,661-319-3242,,1588131262,6212 TUDOR WAY,BAKERSFIELD,CA,93306,BAKERSFIELD,KERN,93313,high,license_number,09-30-2028,Physical Therapist Assistant
PTA,48473,BERNARDO REYES ALEJANDRE,P.T.A.,661-634-9440,,1396201802,2603 G STREET,BAKERSFIELD,CA,93301,BAKERSFIELD,KERN,93306,high,license_number,05-31-2028,Physical Therapist Assistant
PTA,5195,BRUCE BOEHLER,,661-325-5793,,1295188712,1800 WESTWIND DR,BAKERSFIELD,CA,93301,BAKERSFIELD,KERN,93306,high,license_number,11-30-2027,Physical Therapist Assistant
PTA,53078,BRYAN GAMEZ,,661-863-2299,,1730031295,1026 CALLOWAY DR,BAKERSFIELD,CA,93312,BAKERSFIELD,KERN,93311,high,license_number,10-31-2027,Physical Therapist Assistant
PTA,8350,CAROLYN ABES AZURIN,"PT, DPT",951-788-3556,,1558608414,4445 MAGNOLIA AVE,RIVERSIDE,CA,92501,BAKERSFIELD,KERN,93311,high,license_number,05-31-2028,Physical Therapist Assistant
PTA,50148,CAYLIN ALEXIS VANONI,PTA,949-443-5442,,1235760133,31271 NIGUEL RD STE J,LAGUNA NIGUEL,CA,92677,BAKERSFIELD,KERN,93313,high,license_number,06-30-2027,Physical Therapist Assistant
PTA,9083,CHRISTOPHER ROBINSON,,916-111-1111,,1710398839,4201 CALIFORNIA AVE APT 44,BAKERSFIELD,CA,93309,BAKERSFIELD,KERN,93309,high,license_number,01-31-2027,Physical Therapist Assistant
PTA,5528,DONALD MARC TIBBILS,PTA,858-514-0375,,1780979781,3760 CONVOY STREET,SAN DIEGO,CA,92111,BAKERSFIELD,KERN,93311,high,license_number,08-31-2028,Physical Therapist Assistant
PTA,48809,GRANT ANTHONY ROBBINS,PTA,559-431-8181,,1891345336,7265 N 1ST ST STE 105,FRESNO,CA,93720,DELANO,KERN,93215,high,license_number,11-30-2026,Physical Therapist Assistant
PTA,8301,JAYSON L LOPEZ,PTA,386-383-4677,,1851750251,5204 EDERIA WAY,BAKERSFIELD,CA,93313,BAKERSFIELD,KERN,93313,high,license_number,09-30-2026,Physical Therapist Assistant
PTA,10834,JENNY LEE MILLER,PTA,760-371-1411,,1871956755,935 E RIDGECREST BLVD,RIDGECREST,CA,93555,RIDGECREST,KERN,93555,high,license_number,10-31-2026,Physical Therapist Assistant
PTA,8586,JO-ANN GONZALES NICOLO,PT assisstant,213-550-9296,,1609237510,5300 WOODMERE DR STE 105,BAKERSFIELD,CA,93313,BAKERSFIELD,KERN,93311,high,license_number,03-31-2027,Physical Therapist Assistant
PTA,9212,KRISTOFFER RYAN MAGBITANG,PTA,661-720-2100,,1750860672,1509 TOKAY ST,DELANO,CA,93215,DELANO,KERN,93215,high,license_number,09-30-2027,Physical Therapist Assistant
PTA,53995,LINDSEY MILLER,PTA,877-298-4204,,1740076967,3707 CONVOY ST,SAN DIEGO,CA,92111,RIDGECREST,KERN,93555,high,license_number,01-31-2027,Physical Therapist Assistant
PTA,8497,LIZEL OLAT ALICER,PTA,800-952-1290,,1871951699,16260 VENTURA BLVD STE 600,ENCINO,CA,91436,SHAFTER,KERN,93263,high,license_number,02-28-2027,Physical Therapist Assistant
PTA,10552,MANAR HANA,,714-409-7139,,1265890420,10316 TITANIUM ST,BAKERSFIELD,CA,93311,BAKERSFIELD,KERN,93311,high,license_number,01-31-2028,Physical Therapist Assistant
PTA,10383,MANJINDER SINGH,,661-340-1648,,1205295698,2701 BERNARD ST,BAKERSFIELD,CA,93306,BAKERSFIELD,KERN,93314,high,license_number,03-31-2028,Physical Therapist Assistant
PTA,9000,MARIA CRISTINA DE JESUS AGUSTIN,,661-372-2964,,1700244951,403 BRIGHTSTONE DR,BAKERSFIELD,CA,93312,BAKERSFIELD,KERN,93312,high,license_number,04-30-2027,Physical Therapist Assistant
PTA,49323,MARIDES A SAYON,Physical Therapist A,843-798-7111,,1962979880,8201 CAMINO MEDIA APT 3,BAKERSFIELD,CA,93311,BAKERSFIELD,KERN,93313,high,license_number,07-31-2027,Physical Therapist Assistant
PTA,50873,MARINA OSYKINA,,661-871-3133,,1598357055,6212 TUDOR WAY,BAKERSFIELD,CA,93306,BAKERSFIELD,KERN,93311,high,license_number,02-29-2028,Physical Therapist Assistant
PTA,2017,MARK ELIEFF,"PTA, MSA",661-395-3000,,1043596448,2615 CHESTER AVE,BAKERSFIELD,CA,93301,BAKERSFIELD,KERN,93306,high,license_number,09-30-2028,Physical Therapist Assistant
PTA,51357,MICHAEL FOGLESONG,,661-834-0620,,1972382307,1301 NEW STINE RD,BAKERSFIELD,CA,93309,BAKERSFIELD,KERN,93314,high,license_number,05-31-2027,Physical Therapist Assistant
PTA,5543,MICHAEL GAIL,,661-375-2696,,1326964339,3714 RUSTIC MEADOW CT APT A,BAKERSFIELD,CA,93308,BAKERSFIELD,KERN,93308,high,license_number,07-31-2027,Physical Therapist Assistant
PTA,10283,MIIYOSHI ROGERS STEWART,,323-586-7333,,1235421215,8019 S. COMPTON AVE.,LOS ANGELES,CA,90001,BAKERSFIELD,KERN,93311,high,license_number,12-31-2026,Physical Therapist Assistant
PTA,51692,PRINCESS MARILYN LAGOS DONATO,PTA,661-642-6337,,1962381475,1205 GARCES HWY STE 208,DELANO,CA,93215,DELANO,KERN,93215,high,license_number,12-31-2027,Physical Therapist Assistant
PTA,49295,ROXANA GABRIELA NICA,,661-633-2125,,1801373360,4200 BUCK OWENS BLVD,BAKERSFIELD,CA,93308,BAKERSFIELD,KERN,93311,medium,name_exact,03-31-2028,Physical Therapist Assistant
PTA,52634,SOPHIA CHELLAPPA,,661-592-0701,,1093594095,44840 VALLEY CENTRAL WAY STE 102,LANCASTER,CA,93536,EDWARDS,KERN,93523,high,license_number,09-30-2026,Physical Therapist Assistant
PTA,10841,TAHNI YUFUKU GARCIA,,310-370-1200,tahnigarciapta@womensadvantagept.com,1417671603,3445 PACIFIC COAST HWY STE 310,TORRANCE,CA,90505,BAKERSFIELD,KERN,93311,high,license_number,03-31-2027,Physical Therapist Assistant
PTA,54649,VANESSA REYES SOLIS,PTA,661-446-4050,,1437097607,1420 7TH ST,WASCO,CA,93280,MC FARLAND,KERN,93250,high,license_number,03-31-2027,Physical Therapist Assistant
PTA,51390,VIRJOT KAUR SOHI,,661-324-0122,,1336800598,5337 TRUXTUN AVE,BAKERSFIELD,CA,93309,BAKERSFIELD,KERN,93313,high,license_number,08-31-2027,Physical Therapist Assistant
PTA,53143,WES MICHAEL POWELL,,661-823-3070,,1164371662,122 S GREEN ST,TEHACHAPI,CA,93561,TEHACHAPI,KERN,93561,medium,name_initial_zip,08-31-2027,Physical Therapist Assistant
